,motif_seq,time
1,UC*GA,0.0010006427764892578
2,C*A*A,0.002012014389038086
3,CC*GG*A,0.0010082721710205078
4,UG*CA*A,0.0009999275207519531
5,A*GC*GU,0.0029993057250976562
6,UGGG*CCCA,0.0
7,A*UCC*GGA,0.003000020980834961
8,AA*C*GU,0.0020172595977783203
9,CCC*GGG,0.0
10,A*UG*AA,0.003571748733520508
11,UG*AG,0.0009999275207519531
12,CC*GG*AA,0.0010027885437011719
13,CG*CG*AA,0.0009968280792236328
14,GA*UCA*GG,0.0009999275207519531
15,G*AA*CC,0.004031658172607422
17,CU*AG*GA,0.0010008811950683594
18,GG*UCC*AA,0.0009992122650146484
19,GA*A*UGC*AA,0.0010006427764892578
20,GCC*GGC*AA,0.0010004043579101562
22,GGA*UCC*AA,0.0
23,CCU*AGG*AA,0.0
24,GU*AA*ACU,0.0009996891021728516
25,GCA*UGU*AA,0.00099945068359375
26,UGGGA*UCC*CA,0.0
27,GGGA*UCUC,0.0
28,UA*AGG*AC,0.0
29,GCC*GGC*AU,0.0
30,GGG*AA*CCU,0.0015070438385009766
31,GCUC*GAGC*GA,0.0
32,G*C*UG*AA,0.005653858184814453
33,CG*GU*AC*AG,0.0010004043579101562
34,GG*CC*UG*AA,0.0019989013671875
35,UGGA*UCCA*AA,0.0
36,CCCC*GGGG*AA,0.0
37,CGC*CA*AG*GCG,0.0
38,CG*AAG*CA*G,0.001506805419921875
39,CG*CG*CG*AAG,0.0015513896942138672
40,CUGCC*GGCAG,0.0
41,CG*AAG*CA,0.0009999275207519531
42,CA*UG*CG*AAG,0.0010004043579101562
44,CG*CG*AAG*CG,0.0010061264038085938
45,CCA*GG*CG*AAG,0.0009937286376953125
46,CU*AG*CC*GG,0.0
47,CCA*UGG*CG*AAG,0.0009992122650146484
48,AA*ACCAA*UUGGU,0.0010006427764892578
49,UGG*CCA*AAG*CG,0.0009999275207519531
50,GCC*GGC*CG*AAG,0.0
51,U*A*A,0.0031185150146484375
52,GG*UC,0.0010075569152832031
53,GGG*CCC*CG*AAG,0.0
54,UGGGAC*GUCCCA,0.0009999275207519531
55,U*CA*AG,0.0019998550415039062
56,GG*C*AA,0.0020003318786621094
57,AU*AG*A*CG*UU,0.0010094642639160156
58,CG*AAG*CUA*UAG,0.0014986991882324219
59,AA*CUG*CAG,0.0005064010620117188
60,GU*CAG*AG*CG*CC,0.0020072460174560547
61,CCAU*GUGG*AAG*CG,0.0
62,GCAU*GUGU*AAG*CG,0.0
63,GU*AA*UAC,0.0010006427764892578
64,GU*GU*AAUC,0.0019991397857666016
65,U*UA*AG,0.002000093460083008
66,AGCC*GGC*AU,0.0
68,CCA*UGG*UAAG*CGA,0.0010006427764892578
69,GG*CC*A,0.0015382766723632812
70,UGG*CCA*UAAG*CGA,0.0015192031860351562
71,C*G*UA*A,0.004019975662231445
72,AG*UGA*AG*CU,0.0010008811950683594
73,AAAUUC*GAAUUU,0.0
74,CGG*CCG*UAAG*CGA,0.0
75,GG*CCC*AG,0.0019989013671875
76,GU*AC*UA*A,0.0015099048614501953
78,AG*CGU*GU*AACC,0.001514434814453125
79,UGAA*AG*CUG*UAG,0.0
80,AGGC*AG*CCC*GU,0.0
81,AGC*GCU*AG*UGA,0.0
82,AU*A*U,0.0010001659393310547
83,GC*AA*AC,0.00099945068359375
84,A*GU*UUA*A,0.005999088287353516
85,GG*AG*CCC,0.0010142326354980469
86,AG*GA*GA,0.0012450218200683594
88,CC*GGAA*AC,0.0
89,UU*AA,0.0010080337524414062
90,GU*C*A,0.0009996891021728516
91,CA*CAGC*GCUG,0.0009999275207519531
92,AGUC*AG*CAC*GU,0.0
93,AGCUC*GAGC*GG,0.0
94,A*CG*AG,0.003000020980834961
95,A*GU*GC,0.0025174617767333984
96,GU*AC*UAA*A,0.00206756591796875
97,CGG*GGAAAC*CCG,0.0010004043579101562
98,AG*AG,0.0
99,CCC*GGG*A*A,0.0
100,AG*CU*AA*GA,0.0009999275207519531
101,CUG*A*GA*UAG,0.00099945068359375
102,CCG*CGG*AG*UGAA,0.0
103,GGC*AG*UGA*GCC,0.0010004043579101562
104,ACG*CGU*AAC*GCA,0.0
105,AGC*GCU*AAG*UGA,0.0009999275207519531
106,C*AG*AG,0.0025076866149902344
107,GU*GC*AA,0.000507354736328125
108,GGG*CCC*UAA*A,0.0011599063873291016
109,CC*GG*A*UAA,0.0
110,AGC*GCU*AA*GA,0.0016143321990966797
111,AG*AAA*UCUG,0.0009090900421142578
112,AA*C,0.0010037422180175781
113,GA*GAUU*AG,0.0019969940185546875
115,AG*CG*AG,0.001001119613647461
116,GG*AA*UC,0.0020258426666259766
117,GU*AAA*UACU,0.005006313323974609
119,AA*UA,0.001001596450805664
120,GG*CC*AA,0.0009996891021728516
121,AU*GG*ACC*AAU,0.001001119613647461
122,AG*GA*UG*AGA,0.002061128616333008
123,U*CAA*A*AG,0.004007577896118164
124,CC*AU*AA,0.0010001659393310547
125,GU*GGAA*AC*UG*CC,0.0009999275207519531
126,GGG*CCC*UAAG*CGA,0.0009999275207519531
128,AAA*UCUG*CAG,0.0
129,GG*AC,0.0010004043579101562
130,A*A*UG,0.0031740665435791016
131,CC*AC*GGA*GG,0.0010077953338623047
132,GG*AAG*UU*AU,0.0010001659393310547
133,UGA*GCG*CGCAA,0.0009999275207519531
135,AA*GG*CC,0.0010008811950683594
136,CGUCU*GGACG*AAA,0.0
137,GCAU*AUGU*UAAG*CGA,0.0009996891021728516
138,GGC*AAG*CGCC,0.0
139,AAG*CUA,0.0
140,A*UA*U*AGU*GCU,0.010019302368164062
141,U*AA*AU,0.0030014514923095703
142,G*CC*AA*AU,0.0071756839752197266
143,GU*GGAA*AAC*UG*CC,0.0010004043579101562
144,UG*CA*UAAC*GGA,0.002506732940673828
145,GU*AA*GC,0.000507354736328125
146,GU*AA*C,0.001009225845336914
147,ACC*GGG,0.0
149,UAGC*GCUG*A*GA,0.0
150,CCC*GGG*AC*GG*A,0.0
152,CCU*AC*GGA*AGG,0.0009989738464355469
153,GGA*GAAG*UU*AU,0.0
154,A*UGU*CA,0.0029997825622558594
155,GGAA*UAC*CCG*CGG,0.0010001659393310547
156,G*CC*GG*C,0.005171060562133789
157,AG*UACG*AGGA,0.0010075569152832031
158,UG*CA*AUAAC*GGAAG,0.033806562423706055
159,UAA*UGG*CCA,0.001001596450805664
160,GC*GC*GC,0.0
161,CUGU*AUAG*UGAA*AG,0.0009999275207519531
162,UAGC*GCUG*AG*UGA,0.0
163,AUA*GG*ACCGUAAAU,0.007542610168457031
164,U*AA*AG*AU,0.0035076141357421875
166,A*UGU*GCA,0.0025250911712646484
167,AC*GU*UA*UA,0.0010004043579101562
168,C*G*AUA*UAA,0.007027864456176758
169,GGC*GCC*A,0.0
171,CC*UG*AGAG*GUCU,0.003125905990600586
172,AGCC*GU*AGCC*AAU,0.0
173,CC*GAG*UG*CA,0.001001596450805664
174,UU*UU*AA,0.0
175,CG*UU*AC,0.0009999275207519531
176,UCC*AA*GGA,0.0
177,CA*AA*UG,0.0009996891021728516
178,GGAA*AGUAC*CCG*CGG,0.0
179,UU*GGU*AAAUC,0.0009999275207519531
180,GGG*GGA*AC*CCC,0.0010004043579101562
182,AAA*UGA*CAGU*AUUG,0.0010001659393310547
183,GGCAGAA*UUCUGCC,0.0
184,GGG*AAG*CGA*CCC,0.0010368824005126953
185,GGGC*CGAAAG*GCCC,0.0
186,GG*AAA*GCC*GGC,0.0030078887939453125
187,UGU*GCA*AA,0.0
188,AGGG*CCCU*AC*GGA,0.0
190,GCCU*AGGU*CGA*AG,0.0
191,GGA*UCC*AAG*CG,0.0010006427764892578
192,CGG*CCG*AAA,0.0
193,GG*GA,0.0009999275207519531
194,UGCC*AUA*GGCG*A*UUA,0.0
195,AUA*GG*GCCUUAAAC,0.008149385452270508
196,AU*G*AC,0.0010018348693847656
197,AAC*GGA*CGCC*GGCG,0.0009987354278564453
198,GC*C*A,0.0020372867584228516
199,U*CAA*AAG,0.003024578094482422
200,U*G*AA*A*UG*AGAU,0.0863640308380127
201,CU*AG*ACC*GG,0.0009992122650146484
202,AA*UGU*GCA,0.0015482902526855469
203,GC*AU*AAAC*UGU*GCA,0.005198001861572266
205,AA*AU*G*CC,0.0010008811950683594
206,AC*GU*AUA*UAA,0.001996755599975586
208,A*GAA*UAG*CUG,0.005558013916015625
209,CGG*UCAACU*CCG,0.0010349750518798828
210,ACCGA*UCGGG,0.0
212,C*GCG*A*UG,0.003963470458984375
213,CG*AG*AG,0.0020172595977783203
214,UU*UAG*AG*ACA*UA,0.0010068416595458984
215,GGG*CCC*CGAAG*CGAG,0.0019979476928710938
216,GGC*GCC*CG*AG*CGAG,0.0040018558502197266
217,GU*CGAG*AAG*CG*CC,0.0030226707458496094
218,GGGC*GCCC*CGAA*AG,0.0
219,UU*GGUUU*AAAUC,0.0012133121490478516
220,UGG*UUC*AU,0.001004934310913086
221,CG*AG*AUA*UAA,0.0020008087158203125
222,CGG*CAG*GC*AAC,0.0009996891021728516
223,GCCC*GGGC*GA*GAA,0.0
224,GGAU*UGAAA*GCCA*UGGC,0.0
226,UG*AG*UG,0.0009989738464355469
227,GCCA*UGGU*GAG*CGAA,0.0
228,AUG*GGAA*AGAC*UG*CU,0.0010008811950683594
229,CG*UUGAG*CAAGA*AG,0.0025053024291992188
230,CAU*AG*UUG*CA,0.0
231,UU*AAA*AG*CGG,0.0005033016204833984
232,UA*UAG*CGG,0.0020058155059814453
233,GGA*UCC*A*GA,0.0
234,AAA*UCGC*GCG,0.0009987354278564453
235,AAGG*CCUA,0.0
236,AG*UGAA*UAG*CUG,0.0019998550415039062
237,U*G*AA*AG*UG*AGAU,0.08174800872802734
238,CCCC*GUC*AGUGG*GGGGCU*A*GCG,0.0
239,CU*G*UAG*AU*UG*CGACC*GG,0.0732421875
241,AA*UGU*CA,0.0013189315795898438
243,AC*GU*AU*AA,0.0010502338409423828
244,AC*G*AUA*UAA,0.001997232437133789
245,GG*UC*ACU*CC,0.0020003318786621094
246,GGAACU*UCAGUAC*CCG*CGG,0.0
247,GGCG*CGCC*A,0.0
248,AA*U*UGU*GCG,0.0010001659393310547
251,GGGC*GCCC*GAAG*CGA,0.0015473365783691406
252,GUGGUC*UUC*AU,0.0
253,UG*A*AG*A,0.0015125274658203125
254,AG*CC*GG,0.00103759765625
255,GG*UA*A*CC,0.0019698143005371094
256,AC*GU*CUAA*AUAA,0.08922505378723145
257,GC*GC,0.0010001659393310547
258,CGG*CAG*AA*CU,0.0010001659393310547
259,CC*GG*CAAC*GG,0.0010349750518798828
260,CC*GC*AAC,0.0009644031524658203
261,CGGC*GCCG*GC*AAC,0.0
262,GA*UG*CU,0.001035451889038086
263,A*UC*GA,0.0020530223846435547
264,AA*AU*GG*CC,0.0013332366943359375
265,CCCC*GUC*CU*GGGG*AAG*GCG,0.0
266,GU*GAUCCUGC*AAGGAAU,0.0010418891906738281
267,CAGGG*CCCU*AC*GGAG,0.0
268,UGA*UCU*CG*GAG,0.0010023117065429688
269,GC*GAC*UG*CA,0.0009965896606445312
270,GUG*UG*AAC,0.0
271,GCCG*CGGU*CGAG*UGAAG,0.0010001659393310547
273,ACCAU*UG*AUGGAAG,0.0
274,AG*A*GGAG*CG*GUG*AUAC,0.0030050277709960938
275,GC*GAC*UCC*GGA,0.0015456676483154297
276,GGA*UCC*U,0.0
277,GA*UA*UAG*GGU*GCC,0.002047300338745117
278,UG*GAG*UG,0.0009982585906982422
279,GC*CCG*C*AACGG,0.957155704498291
280,GA*GGCU*GGCC,0.0020422935485839844
281,AG*CG*AAG,0.0
282,UUA*CGA*UCG,0.001010894775390625
283,GAU*G*AC*AA,0.0
284,AG*UAGUACG*AGGAAC,0.00099945068359375
285,CCCC*GUC*CU*AGUGG*GGGGCU*AAG*GCG,0.0009889602661132812
286,AGG*CCG*A*AC*GU,0.0
288,AAAC*GA*AU*CC,0.0
289,AAG*CUGA*AC*GU,0.0009648799896240234
291,GGCU*CC*GG*GC,0.0
293,GUU*ACGU*GU*AAUC,0.0
294,GCG*AA*CGC,0.0010380744934082031
295,GCACC*AAAC*CUC*GAG,0.0
297,UC*AG*CG*AG*CUG*UUG,0.000997781753540039
298,CC*GAG*CUG*CACAG*UG,0.04297995567321777
299,GA*GGC*UCC*A,0.0014264583587646484
300,A*UA,0.0030143260955810547
301,UCCU*GGG*UUAAA,0.0
302,AGCGG*CCGCU*A,0.0
303,CC*GAA*CA,0.0009980201721191406
304,GGA*UCC*AAG*CC,0.0010025501251220703
305,GC*CG*CG*GC,0.0015423297882080078
306,GC*CU*AAAC*UCC*GGA,0.004225492477416992
307,CGGUG*GG*GG*G*GG*GGG*GCG,0.0
308,GCACU*AAAC*UCC*GGA,0.0
309,AU*G*UAG*AG*CG*AAACG*CU,0.5212407112121582
311,UACC*GGA,0.0
312,UU*UCCUUU*AAAGGA,0.001001119613647461
313,UCGUG*UGU*AACGA,0.0
314,CACC*AAC*GGGUG,0.0
316,GGC*UG*AG*UGAGG*GCC,0.0009982585906982422
318,UGA*UCU*A,0.0
319,UGA*UCU*GA,0.0
320,GGAACU*UAAGUAC*AAAC*GA*AU,0.0
321,AA*U*CUAA*AUAA,0.21332311630249023
322,CU*AAU*GCC*GGUG,0.0011391639709472656
323,GU*C*AA,0.00104522705078125
325,AA*AC*AUCG*CGGU,0.002000093460083008
326,GC*GC*AC*AA,0.002001523971557617
327,GG*AAC*UGU*ACG,0.0019979476928710938
328,UCG*CGA*AAC*GG*A,0.0
329,UU*GAUCAUGG*AAAUGAAU,0.0015103816986083984
330,UU*UAAA*UAG*CGG,0.0005052089691162109
331,GAA*AA*GCUGU*AUAGC,0.015510797500610352
332,GU*AC*AUAAC*GCUAA,0.026386260986328125
333,CG*CUGAG*CGAGAU*AG,0.0019986629486083984
334,GGA*UCC*UAAG*CGA,0.001001119613647461
335,ACCGC*AA*GU*GGU,0.0
336,CGAAA*GAGAG*C*GA*UA*A*UAG,0.0009629726409912109
337,GGAUU*AUGAA*GAAG*UGGA,0.0
